{"cameraMode":{"drawMode":0,"name":"Shaded","section":"Shading Mode"},"sceneLighting":true,"audioPlay":false,"sceneViewState":{"m_AlwaysRefresh":false,"showFog":true,"showSkybox":true,"showFlares":true,"showImageEffects":true,"showParticleSystems":true,"showVisualEffectGraphs":true,"m_FxEnabled":true},"in2DMode":false,"pivot":{"x":26.91159439086914,"y":-398.64642333984377,"z":1024.8062744140625},"rotation":{"x":-0.1901731789112091,"y":0.061790186911821368,"z":-0.012020071037113667,"w":-0.9798112511634827},"size":550.5180053710938,"orthographic":false}